-- phpMyAdmin SQL Dump
-- version 5.2.0
-- https://www.phpmyadmin.net/
--
-- Host: 127.0.0.1
-- Waktu pembuatan: 01 Bulan Mei 2023 pada 19.00
-- Versi server: 10.4.27-MariaDB
-- Versi PHP: 8.2.0

SET SQL_MODE = "NO_AUTO_VALUE_ON_ZERO";
START TRANSACTION;
SET time_zone = "+00:00";


/*!40101 SET @OLD_CHARACTER_SET_CLIENT=@@CHARACTER_SET_CLIENT */;
/*!40101 SET @OLD_CHARACTER_SET_RESULTS=@@CHARACTER_SET_RESULTS */;
/*!40101 SET @OLD_COLLATION_CONNECTION=@@COLLATION_CONNECTION */;
/*!40101 SET NAMES utf8mb4 */;

--
-- Database: `db_pa`
--

-- --------------------------------------------------------

--
-- Struktur dari tabel `tb_level`
--

CREATE TABLE `tb_level` (
  `id_level` int(11) NOT NULL,
  `nama_level` varchar(150) NOT NULL
) ENGINE=InnoDB DEFAULT CHARSET=latin1 COLLATE=latin1_swedish_ci;

--
-- Dumping data untuk tabel `tb_level`
--

INSERT INTO `tb_level` (`id_level`, `nama_level`) VALUES
(1, 'Administrator'),
(2, 'Waiter'),
(3, 'Kasir'),
(4, 'Owner'),
(5, 'Pelanggan');

-- --------------------------------------------------------

--
-- Struktur dari tabel `tb_masakan`
--

CREATE TABLE `tb_masakan` (
  `id_masakan` int(11) NOT NULL,
  `nama_masakan` varchar(150) NOT NULL,
  `harga` varchar(150) NOT NULL,
  `stok` int(11) NOT NULL,
  `status_masakan` varchar(150) NOT NULL,
  `gambar_masakan` varchar(150) NOT NULL
) ENGINE=InnoDB DEFAULT CHARSET=latin1 COLLATE=latin1_swedish_ci;

--
-- Dumping data untuk tabel `tb_masakan`
--

INSERT INTO `tb_masakan` (`id_masakan`, `nama_masakan`, `harga`, `stok`, `status_masakan`, `gambar_masakan`) VALUES
(22, 'Americano', '17000', 20, 'tersedia', 'Americano.jpeg'),
(23, 'Latte', '22000', 20, 'tersedia', 'Latte.jpg'),
(24, 'Ice Tea', '10000', 20, 'tersedia', 'Ice Tea.webp'),
(25, 'Chocolate', '18000', 20, 'tersedia', 'Chocolate.jpg'),
(26, 'Lemon', '16000', 20, 'tersedia', 'Lemon.jpg');

-- --------------------------------------------------------

--
-- Struktur dari tabel `tb_order`
--

CREATE TABLE `tb_order` (
  `id_order` int(11) NOT NULL,
  `id_admin` int(11) DEFAULT NULL,
  `id_pengunjung` int(11) NOT NULL,
  `waktu_pesan` datetime NOT NULL,
  `no_meja` int(11) NOT NULL,
  `total_harga` varchar(150) NOT NULL,
  `uang_bayar` varchar(150) DEFAULT NULL,
  `uang_kembali` varchar(150) DEFAULT NULL,
  `status_order` varchar(150) NOT NULL
) ENGINE=InnoDB DEFAULT CHARSET=latin1 COLLATE=latin1_swedish_ci;

--
-- Dumping data untuk tabel `tb_order`
--

INSERT INTO `tb_order` (`id_order`, `id_admin`, `id_pengunjung`, `waktu_pesan`, `no_meja`, `total_harga`, `uang_bayar`, `uang_kembali`, `status_order`) VALUES
(14, 1, 9, '2019-08-03 12:43:52', 1, '48000', '50000', '2000', 'sudah bayar'),
(18, 1, 7, '2019-08-04 16:37:58', 8, '87000', '100000', '13000', 'sudah bayar'),
(19, 1, 1, '2019-08-04 17:17:09', 1, '22000', '50000', '28000', 'sudah bayar'),
(20, 1, 6, '2019-08-04 18:04:22', 8, '29500', '50000', '20500', 'sudah bayar'),
(21, 7, 10, '2019-08-07 08:54:23', 1, '22000', '23000', '1000', 'sudah bayar'),
(22, 1, 12, '2023-05-01 16:41:14', 6, '7000', '8000', '1000', 'sudah bayar'),
(23, 7, 6, '2023-05-01 16:44:25', 2, '22500', '60000', '37500', 'sudah bayar'),
(24, 1, 10, '2023-05-01 23:41:54', 1, '15000', '16000', '1000', 'sudah bayar');

-- --------------------------------------------------------

--
-- Struktur dari tabel `tb_pesan`
--

CREATE TABLE `tb_pesan` (
  `id_pesan` int(11) NOT NULL,
  `id_user` int(11) NOT NULL,
  `id_order` int(11) DEFAULT NULL,
  `id_masakan` int(11) NOT NULL,
  `jumlah` int(11) DEFAULT NULL,
  `status_pesan` varchar(150) DEFAULT NULL
) ENGINE=InnoDB DEFAULT CHARSET=latin1 COLLATE=latin1_swedish_ci;

--
-- Dumping data untuk tabel `tb_pesan`
--

INSERT INTO `tb_pesan` (`id_pesan`, `id_user`, `id_order`, `id_masakan`, `jumlah`, `status_pesan`) VALUES
(33, 9, 14, 14, 2, 'sudah'),
(34, 9, 14, 8, 3, 'sudah'),
(43, 7, 18, 19, 4, 'sudah'),
(44, 7, 18, 14, 2, 'sudah'),
(45, 7, 18, 8, 4, 'sudah'),
(46, 1, 19, 19, 1, 'sudah'),
(47, 1, 19, 14, 2, 'sudah'),
(48, 6, 20, 8, 2, 'sudah'),
(49, 6, 20, 14, 1, 'sudah'),
(50, 10, 21, 18, 2, 'sudah'),
(51, 12, 22, 19, 1, 'sudah'),
(52, 6, 23, 14, 3, 'sudah'),
(53, 10, 24, 14, 2, 'sudah');

-- --------------------------------------------------------

--
-- Struktur dari tabel `tb_stok`
--

CREATE TABLE `tb_stok` (
  `id_stok` int(11) NOT NULL,
  `id_pesan` int(11) NOT NULL,
  `jumlah_terjual` int(11) DEFAULT NULL,
  `status_cetak` varchar(150) NOT NULL
) ENGINE=InnoDB DEFAULT CHARSET=latin1 COLLATE=latin1_swedish_ci;

--
-- Dumping data untuk tabel `tb_stok`
--

INSERT INTO `tb_stok` (`id_stok`, `id_pesan`, `jumlah_terjual`, `status_cetak`) VALUES
(1, 46, 1, 'belum cetak'),
(2, 47, 2, 'belum cetak'),
(3, 48, 2, 'belum cetak'),
(4, 49, 1, 'belum cetak'),
(5, 50, 2, 'belum cetak'),
(6, 51, 1, 'belum cetak'),
(7, 52, 3, 'belum cetak'),
(8, 53, 2, 'belum cetak');

-- --------------------------------------------------------

--
-- Struktur dari tabel `tb_user`
--

CREATE TABLE `tb_user` (
  `id_user` int(11) NOT NULL,
  `username` varchar(150) NOT NULL,
  `password` varchar(150) NOT NULL,
  `nama_user` varchar(150) NOT NULL,
  `id_level` int(11) NOT NULL,
  `status` varchar(150) NOT NULL
) ENGINE=InnoDB DEFAULT CHARSET=latin1 COLLATE=latin1_swedish_ci;

--
-- Dumping data untuk tabel `tb_user`
--

INSERT INTO `tb_user` (`id_user`, `username`, `password`, `nama_user`, `id_level`, `status`) VALUES
(1, 'udin', '123', 'Mifthahuddin', 1, 'aktif'),
(6, 'jidan', '123', 'Jidan', 2, 'aktif'),
(7, 'bella', '123', 'Bella', 3, 'aktif'),
(8, 'rizq', '123', 'Rizq', 4, 'aktif'),
(9, 'karlen', '123', 'Karlen', 4, 'aktif'),
(10, 'novil', '123', 'Novil', 5, 'aktif'),
(11, 'fazry', '123', 'fazry', 5, 'aktif'),
(12, 'brama', '123', 'Brama', 5, 'aktif'),
(13, 'riska', '123', 'Riska', 1, 'aktif'),
(14, 'King', '123', 'king', 2, 'nonaktif'),
(15, 'alby', '123', 'Alby', 1, 'aktif'),
(16, 'Admin', '123', 'admin', 1, 'aktif'),
(17, 'uut', '123', 'Uut', 5, 'nonaktif'),
(18, 'fauzan', '123', 'Fauzan', 2, 'nonaktif'),
(19, 'syahrul', '123', 'Syahrul', 4, 'nonaktif'),
(20, 'onil', '123', 'Onil', 3, 'nonaktif');

--
-- Indexes for dumped tables
--

--
-- Indeks untuk tabel `tb_level`
--
ALTER TABLE `tb_level`
  ADD PRIMARY KEY (`id_level`);

--
-- Indeks untuk tabel `tb_masakan`
--
ALTER TABLE `tb_masakan`
  ADD PRIMARY KEY (`id_masakan`);

--
-- Indeks untuk tabel `tb_order`
--
ALTER TABLE `tb_order`
  ADD PRIMARY KEY (`id_order`),
  ADD KEY `id_admin` (`id_admin`),
  ADD KEY `id_pengunjung` (`id_pengunjung`);

--
-- Indeks untuk tabel `tb_pesan`
--
ALTER TABLE `tb_pesan`
  ADD PRIMARY KEY (`id_pesan`);

--
-- Indeks untuk tabel `tb_stok`
--
ALTER TABLE `tb_stok`
  ADD PRIMARY KEY (`id_stok`);

--
-- Indeks untuk tabel `tb_user`
--
ALTER TABLE `tb_user`
  ADD PRIMARY KEY (`id_user`),
  ADD UNIQUE KEY `username` (`username`),
  ADD KEY `id_level` (`id_level`);

--
-- AUTO_INCREMENT untuk tabel yang dibuang
--

--
-- AUTO_INCREMENT untuk tabel `tb_level`
--
ALTER TABLE `tb_level`
  MODIFY `id_level` int(11) NOT NULL AUTO_INCREMENT, AUTO_INCREMENT=6;

--
-- AUTO_INCREMENT untuk tabel `tb_masakan`
--
ALTER TABLE `tb_masakan`
  MODIFY `id_masakan` int(11) NOT NULL AUTO_INCREMENT, AUTO_INCREMENT=27;

--
-- AUTO_INCREMENT untuk tabel `tb_order`
--
ALTER TABLE `tb_order`
  MODIFY `id_order` int(11) NOT NULL AUTO_INCREMENT, AUTO_INCREMENT=25;

--
-- AUTO_INCREMENT untuk tabel `tb_pesan`
--
ALTER TABLE `tb_pesan`
  MODIFY `id_pesan` int(11) NOT NULL AUTO_INCREMENT, AUTO_INCREMENT=54;

--
-- AUTO_INCREMENT untuk tabel `tb_stok`
--
ALTER TABLE `tb_stok`
  MODIFY `id_stok` int(11) NOT NULL AUTO_INCREMENT, AUTO_INCREMENT=9;

--
-- AUTO_INCREMENT untuk tabel `tb_user`
--
ALTER TABLE `tb_user`
  MODIFY `id_user` int(11) NOT NULL AUTO_INCREMENT, AUTO_INCREMENT=21;

--
-- Ketidakleluasaan untuk tabel pelimpahan (Dumped Tables)
--

--
-- Ketidakleluasaan untuk tabel `tb_user`
--
ALTER TABLE `tb_user`
  ADD CONSTRAINT `tb_user_ibfk_1` FOREIGN KEY (`id_level`) REFERENCES `tb_level` (`id_level`);
COMMIT;

/*!40101 SET CHARACTER_SET_CLIENT=@OLD_CHARACTER_SET_CLIENT */;
/*!40101 SET CHARACTER_SET_RESULTS=@OLD_CHARACTER_SET_RESULTS */;
/*!40101 SET COLLATION_CONNECTION=@OLD_COLLATION_CONNECTION */;
